{"4": 0.47333333333333333, "8": 0.6099999999999999, "16": 0.78}