{
  "4": 0.4800000000000001,
  "8": 0.5733333333333334,
  "16": 0.7666666666666667
}