{"4": 0.4566666666666668, "8": 0.5833333333333335, "16": 0.7699999999999998}