{
    "4": 0.47,
    "8": 0.6033333333333334,
    "16": 0.7899999999999999
}