{
  "4": 0.44666666666666666,
  "8": 0.6233333333333333,
  "16": 0.7733333333333333
}